,reg,class
0,0.002122999861089279,0.597188622917912
1,0.001929612055043469,0.5105774456455485
2,0.0003348093974887269,0.5348464896509584
3,0.0007187902145751479,0.5957997132467726
4,0.0008487001761197737,0.5535889277111591
5,0.0006134621433575214,0.6431346027006958
6,0.00024821831545112554,0.4880984241393904
7,0.0014945563065121095,0.619042646862495
8,7.914452727162671e-05,0.6211600144611509
9,-0.00024470129811697436,0.5717953578205182
10,0.0016379327207982643,0.5330563394848807
11,0.0004796408033109237,0.6472240593305116
12,0.0007856170289631785,0.6051544900407608
13,0.0005368010708043265,0.4516132511915867
14,-0.0005927530367181217,0.4873323577759418
15,-1.793999514503779e-05,0.5455065308553914
16,0.000774935730512714,0.597391794967518
17,0.0003137318054461671,0.38379171717863436
18,-0.00029343077393663257,0.532517750825455
19,0.0005701671334094485,0.560040331758317
20,7.61014411864145e-05,0.5399246078876199
21,0.0011629084147442518,0.6905585583088313
22,0.00025838983842558274,0.4856238306264275
23,0.0005283508741774824,0.5703373590586462
24,0.0011892150379685911,0.5750817813752555
25,0.0006405117197924291,0.5798834302727198
26,0.0011126693247965488,0.6145168456954986
27,0.00034861365496074195,0.5033798095798461
28,0.00048283503372337515,0.646449579561908
29,0.00019503214265464592,0.46820248431552164
30,0.0010594598719456552,0.6104211986340954
31,0.0009693010829720631,0.5028982640204757
32,0.0007764692890683317,0.6597706436712162
33,0.00038758812382091014,0.5842411771368254
34,0.0004946713833545968,0.6011771636293124
35,4.1303065162944696e-05,0.5705731239828623
36,0.0010641926629635513,0.4905426605477646
37,-0.00017546199757072591,0.6323218960714504
38,5.467035302388605e-05,0.4612927718094149
39,0.0005317010096207799,0.5545621522393701
40,0.0013660936369985738,0.5587391791187042
41,0.0006949468765697078,0.5458724663102218
42,0.0005439300462525446,0.5964005584373747
43,0.0009515179790981545,0.6366128161997389
44,0.0012124000345682885,0.6233318361718351
45,0.0005922218505471129,0.6354609806597226
46,7.028926335870352e-05,0.6017728138275759
47,0.0005654586280745753,0.6584349571172574
48,0.000695088034974555,0.47584797614277685
49,0.0013269437779919713,0.5846093287740413
50,0.000529811443864083,0.7480795676111299
51,0.0014676326127171086,0.6569580079645677
52,0.000845377075178588,0.49525792196598123
53,0.0012214356325972926,0.5483212803697202
54,0.000523030108468864,0.5747923807176132
55,0.0008019614854700325,0.5967983975440913
56,0.001236847433488937,0.5025493903910399
57,0.0010924725640643995,0.5938805988883519
58,0.0005810195116860837,0.5106214819465865
59,0.001597098046708881,0.5031180841758001
60,0.0005093484859056226,0.5458977310880687
61,0.0008725174093242604,0.6703255582031334
62,0.00041263917017366023,0.6016530719369932
63,0.00013630789218829835,0.6264016302595031
64,0.0003918054755658908,0.5468626644342194
65,8.072797315513571e-05,0.6034760681251201
66,0.00031520109200327455,0.5719968062497174
67,-7.246487126334435e-05,0.6048453473619569
68,0.00012052671335368978,0.5764564346307004
69,0.0005638256895582875,0.5630994490601621
70,0.0003348712414978603,0.4617704109367287
71,0.0011613605686833436,0.5552728597586362
72,-0.00030115432171661644,0.5006024615836833
73,0.000643818711374165,0.5788767757186505
74,0.0008429160287464172,0.5322662642266789
75,0.0007805561776823882,0.5698922021026965
76,-6.262957216437862e-05,0.502646000245486
77,0.0006334714763812647,0.575575034307602
78,6.243574110346438e-05,0.5115195833288085
79,0.0007555738189802243,0.5275501205266996
80,0.0008661935137656936,0.5387631677321894
81,0.0006331011057911497,0.534086857468332
82,0.0015122189577283646,0.5902264527275424
83,0.00045843750126246146,0.461216408141712
84,0.0003720455996866249,0.5348459029841918
85,0.001357238472051052,0.4855125697693721
86,0.001236139284236637,0.7648381419759097
87,0.00030160716740652794,0.4101899689073117
88,0.0011681161880161695,0.5980703757738723
89,0.0009114829562245512,0.5468363151913052
90,0.00022387372694231543,0.48407873312700866
91,0.0017724689870803924,0.6990960095821418
92,0.001517607728995096,0.5181968267324684
93,0.0013067578847232243,0.5426287807628659
94,0.0017561558942929237,0.5318641330176191
95,0.001043222974483333,0.4912546153589032
96,-0.0009506991714778926,0.3839548830517306
97,0.0007727342219521213,0.5731453346287754
98,0.001714494323094369,0.5627828081028008
99,0.0015838553282266862,0.6017891480748124
100,0.0021059231075838025,0.4498516962290812
101,0.0006067395172552451,0.516106792460488
102,0.0010727504050722773,0.5349257547740695
103,-0.0003950164646449142,0.5389331719476419
104,-0.00018153502101797255,0.4983118709754407
105,0.0002742350873739095,0.5472538760549954
106,0.0003230918624289232,0.6100706118917592
107,-4.354042567532648e-06,0.39043955343212355
108,-0.0008413981183767625,0.5432870896188472
109,0.0003401111134943758,0.4523089888440994
110,0.0005082299827171494,0.5490502562526929
111,0.0008700032779298504,0.5830215345147461
112,0.0007276780412306562,0.546986142286201
113,0.001042278748543631,0.6038991236082218
114,0.00011345274683667917,0.48817165804743673
115,0.0020972777319677393,0.5933841606021535
116,0.0009845367666968313,0.5767715843671889
117,0.0011538109808764388,0.571327927269821
118,-0.0002523130316204712,0.4864996817756762
119,-8.428802425444945e-05,0.671679789402046
120,-0.0006239737789036695,0.43586414996546685
121,0.0008130610804062592,0.5061511558489362
122,0.0009810010676559397,0.4907030032801532
123,0.0006983289109481487,0.4450001653227172
124,0.00022820130122749288,0.6248296369897065
125,0.0004941450363744472,0.3915818457091912
126,-0.0002393267593505679,0.4932700808424066
127,-0.0004858955391190927,0.4111768412487832
128,0.00025494901279391065,0.4356582637767568
129,0.0006436330473186498,0.6393045428564459
130,0.0013275491715866532,0.6068202957355574
131,0.0003413007632162165,0.5847413022177669
132,0.0006511790143240658,0.5225876714385611
133,0.00024657696333503856,0.6411007682055393
134,0.0018534143321701005,0.5487457202001517
135,0.001551072814620179,0.5094904635782264
136,0.0007284092509050969,0.5861742049110447
137,0.0014952306590590306,0.4964066448677275
138,2.8733953893193124e-05,0.5439370001378871
139,0.00177597101324467,0.6391833346597662
140,-0.0004991550974861297,0.5596449652239531
141,0.0004866473224545053,0.5826686271814951
142,-0.0006108046016811697,0.5252686294654567
143,0.00019535277660721754,0.5226717917879393
144,0.0009528602597274093,0.572634578827443
145,0.0007861250539654344,0.5512303151015435
146,-0.0003312213747709226,0.6534076478697735
147,8.735667014014232e-05,0.5131875227920694
148,0.0010076991970243943,0.5603934260492642
149,0.0004580086741754426,0.577702131972175
150,0.0002827604067531566,0.6089211793560101
151,-0.0001282229627903689,0.4682344835782979
152,0.0004960237276660645,0.5872977811515264
153,0.00032041301224033496,0.4190352458036972
154,0.00021948375992648242,0.5395926258555324
155,0.00017010625241094745,0.49263611031364707
156,0.00041436420872035265,0.48407210522504573
157,-0.00016028565236328473,0.46106429345870864
158,-5.534505903557509e-07,0.5579127998965443
159,0.0008678552483909553,0.4714694493220414
160,0.0004474707631256053,0.5685813986703623
161,0.0013300131010837493,0.520483490230485
162,0.0006082476576488105,0.5963182641044764
163,0.0007684144372686921,0.48509724497425893
164,-0.0001744519491417302,0.46633288207838824
165,-0.0007469242314278081,0.5152157547813386
166,0.00022331924514368214,0.505088592771133
167,0.00105793174907012,0.5311101712044584
168,0.0006368277814036006,0.6187952988021086
169,-6.927813131583274e-05,0.40350538870785874
170,0.00016228998361551071,0.41696878287935424
171,0.000978294188435333,0.5304666123330142
172,5.048773679170413e-05,0.46094209455875107
173,0.0008520607120687256,0.5539857034277588
174,0.00010492103495377643,0.39956021169350436
175,0.00032916247095206313,0.52792225208357
176,-0.0005780465005346577,0.46922913823157464
177,0.0012492374497126311,0.46613280844724314
178,4.627740876051757e-05,0.4115668864316035
179,5.615004480251864e-05,0.3698868080074823
180,0.000583756861090227,0.502802458032119
181,0.0011433476556477094,0.38376354538573104
182,0.00013193172990196583,0.49408490221615214
183,0.000784165644346991,0.5610809285497996
184,0.00039027056084771795,0.40934906160149603
185,0.0004084226384927355,0.505310931244216
186,0.00027797320912236297,0.549819948895581
187,0.0003603840806995662,0.42670286296965554
188,0.0007585823939257828,0.5750688599689353
189,4.0648715638817636e-05,0.45865420133606716
190,0.0006748865800802527,0.547943852443449
191,-0.00041529901799211956,0.4659162056293761
192,7.249856213336008e-05,0.53058662222849
193,-0.00024609581560951243,0.5113139542846199
194,0.00037438805336450993,0.5524826537300634
195,-0.0005364011775376529,0.5394958261907519
196,0.0002207849550039624,0.5812425428278304
197,0.0005140006448505588,0.5898254986317123
198,-0.00010958278160735265,0.5009033905843396
199,0.0005252706951789671,0.4646331070759579
200,5.726422646492595e-05,0.5245947876040201
201,0.0005199316660926474,0.46454729335067224
202,-4.388341424740602e-05,0.4469869276003877
203,0.00045611637704656054,0.5128155689380639
204,0.0005062624911370938,0.5222874610279143
205,0.0003220817240934565,0.4251546461686657
206,0.0005779805535677671,0.46999768990296603
207,-0.00020703610451395068,0.5863620618235753
208,0.0003813957192193168,0.46080722058061196
209,0.00010421513401931141,0.4743007701421106
210,6.522002408070111e-06,0.6363585056834509
211,-0.0001665567922335173,0.5648704250639036
212,-0.0007446361739374798,0.559208203688642
213,0.00015307910930743764,0.5392020870863229
214,0.00042705892222384223,0.4527104467769491
215,0.0014870229803591894,0.48681473248690393
216,0.001337047611132302,0.5316035949589503
217,-0.0007113535594878355,0.5379386447312905
218,-0.0010866573856911548,0.386178267898029
219,0.0009238112005389733,0.6091572302089541
220,0.0003804605604920132,0.5662770923168254
221,-0.0004287146528785723,0.4514955663739972
222,0.0003733487067380175,0.4248603693398994
223,0.0015346673055312682,0.5774503204371579
224,-0.0010954665400452531,0.3323890813265314
225,0.0003996504972819322,0.6706257348063713
226,0.0004959780810690045,0.42982475272571236
227,0.0005199997122826808,0.47277029193272385
228,0.0002521556909961539,0.4384080454574215
229,0.0002824515516573332,0.5562024420764413
230,0.000602408935440317,0.5709290061828318
231,-0.00027505703303173934,0.5262452509095992
232,-4.747617645290251e-05,0.48521303137776306
233,0.00033336762506523383,0.5345531723531477
234,0.000485288718734961,0.5286029318696471
235,0.00047597785302615453,0.5446664939724436
236,4.7434481314552416e-05,0.5099649030461334
237,0.0008051902198132941,0.552822899985503
238,-0.00020224598311243698,0.47161851229790136
239,0.0007161946068306827,0.5857141260342141
240,8.102702809027152e-05,0.5052148604600233
241,0.0001000600176727076,0.463434015657446
242,0.0007426395647342895,0.5101167074448825
243,-8.525607231912527e-05,0.5957000390869617
244,0.0006381532834522192,0.5902066712986386
245,-0.0006562453260581739,0.5190258441751001
246,0.0006347451103795047,0.6248248822897282
247,-0.0008448335438638366,0.5970612237339843
248,-7.014969337455559e-05,0.4419727374086375
249,-0.0006830985151933394,0.5009696623056621
250,0.0005636330396629058,0.6628540352160496
251,3.3577854719699145e-05,0.44500269919672697
252,0.0003626898882760904,0.48665286944851205
253,-0.00011663410986039942,0.5362107098261064
254,0.0001929897779341182,0.47130779411769474
255,0.000933535618134,0.5250791398121355
256,-0.00046045707361470027,0.4924666053354913
257,-9.751744639461923e-05,0.513134750085285
258,-5.105263194511436e-05,0.44563982962502036
259,0.0005544694737884985,0.5070650996358241
260,0.0006271703715783904,0.5391297495098524
261,-0.0003282101728047451,0.4253809619847128
262,7.961221786738781e-05,0.4484581133975448
263,0.0001150510790008711,0.5683699659913106
264,7.913497886668213e-05,0.4805988922593117
265,5.3772960732084124e-05,0.5129577240297085
266,-0.0010578863417992689,0.5066700324000202
267,0.0002879831639360741,0.4792592060788085
268,0.0001473090957873967,0.48973184876563036
269,0.0008465022849029311,0.5134373043811647
270,0.0003147169544368575,0.5085638508287684
271,0.0008706267581468575,0.4949061113475609
272,0.00034481527501055957,0.5267526759905797
273,0.0005861999249423906,0.42192030375494766
274,0.0009170172163554991,0.4896903588034992
275,-0.00011219533946828071,0.5414023043862048
276,-0.00025403908653114847,0.48649469325107614
277,0.0006075631728984138,0.5152894722617766
278,9.379940335946623e-05,0.5250142008514618
279,0.0006800654573021321,0.5243454778174979
280,0.0012192344613435513,0.5399229608401271
281,0.0001793006520992785,0.5821868407127557
282,0.0005716876585407306,0.4913535399671843
283,0.00045308659785883796,0.5766414944536573
284,-2.0485639217610017e-05,0.6923694427136146
285,0.00044833355378565,0.5755060259532022
286,0.0004632981397527746,0.6126703404493722
287,0.00028922611690583317,0.6021898328929858
288,0.0008289122399807473,0.5620544574305505
289,0.0008435910444813582,0.6520079885815854
290,0.002007938201217819,0.5443766547556591
291,0.0004089651218278939,0.4883265681815556
292,-0.000159221109701567,0.4108296176383241
293,0.0005140431883520131,0.6330858171870659
294,0.0005335915539514645,0.5725784675729506
295,-0.00015120567007696824,0.547387904848805
296,0.0011031305346500496,0.6191078994052076
297,0.0006556036613410887,0.47575088990260933
298,0.0005557758146679618,0.6490071426464393
299,0.0018666116490110537,0.6006062007972642
300,0.00032957219270418267,0.528387058587111
301,0.000958333670912872,0.578920192329036
302,0.000661943688607678,0.5025388862816502
303,0.0015524078984719698,0.5530064115546758
304,0.0005847939112059366,0.40048949161648295
305,0.0009808101626345039,0.520202886077522
306,0.0005152398416874636,0.5764762055955931
307,3.081334656116131e-05,0.6674393009103907
308,0.0007277427353923443,0.542995871339407
309,0.0006691733137078437,0.6361022876142104
310,0.00033433169902593565,0.5048452702506909
311,9.224278555008305e-05,0.54805688671481
312,0.0005548889887267678,0.4798096982884935
313,8.791490233127613e-05,0.46178911431625086
314,0.0005101486072687328,0.6781304670453111
315,0.0003503725733780401,0.544523651129679
316,-0.00014919276849176315,0.5219140584723504
317,0.0012988538130357069,0.5571987582168326
318,-0.0005422251746687693,0.4325086268816318
319,-0.0003762851148378666,0.5263682642371542
320,0.0006710429133678804,0.5782164916650445
321,0.000907438823093652,0.6026606355418498
322,0.0010220968744488875,0.6270755037539292
323,0.0009948896948517119,0.5196547641620397
324,0.0002297095373231713,0.42968950580535314
325,-1.6982027845219248e-05,0.5061258634250638
326,-0.00016341259241955491,0.4965368283599494
327,0.0002050991409148916,0.5929227655653073
328,-2.8693853249032482e-05,0.6116036726505518
329,0.0006356432562519588,0.6185061190150812
330,0.0013578290606242147,0.5180692690355331
331,0.0005384009374110343,0.505998840605577
332,0.00015020012895371014,0.5563763534795836
333,0.0004316584779460894,0.5386272980673912
334,0.0003644890846875967,0.5964225405566016
335,9.72658909870404e-05,0.5240260117289303
336,0.000846156224991606,0.48491298966914864
337,-1.7273291594936316e-05,0.49329951600847105
338,-0.0001418279209758312,0.5204948050767996
339,-0.0001943398176388759,0.48080808049454987
340,-0.0001460476488964348,0.5386954033660445
341,2.8991286388055815e-06,0.5987759841066677
342,0.00038396503812308005,0.5095836622002031
343,0.001513239085320208,0.5173747016748149
344,0.0001068574874112748,0.5296808631543265
345,0.0005799675407065757,0.5621549142143418
346,1.7494252621077654e-05,0.49360965446211824
347,-5.270761405508259e-06,0.5578900733827974
348,0.0012585409238990435,0.555396719069412
349,0.000952621933969666,0.597250454921107
350,-1.171607750388613e-05,0.6331384575033447
351,-0.00036640443416778476,0.3855110311825203
352,0.0021719089411761463,0.6577965486831134
353,-0.00024799060000491393,0.4548972557091731
354,-0.0004005636448747134,0.4630678510860046
355,0.0005305383672657479,0.5942569747474996
356,0.0005012312079024469,0.5251621832999247
357,0.00036966152418055126,0.528549208278145
358,0.0009233314504398055,0.5105392120971095
359,0.0004976687335235258,0.5465888350119
360,0.0009311785361273226,0.4898143499306426
361,-0.00026849298408502316,0.406331562967519
362,-0.00011810052573706113,0.48664499868936006
363,0.0005472543643851297,0.5815459831800592
364,-9.981189161254605e-05,0.5274917760389831
365,0.0008043892608476503,0.5466420641178285
366,0.00030516217567149454,0.5022385377302112
367,0.0006132261293991054,0.5308630006311529
368,0.00013542419683477776,0.5970160536034227
369,3.664762193916735e-05,0.532231806706384
370,0.0005538229879065371,0.5147832795856777
371,-3.848206395062629e-05,0.3772169999495955
372,0.0008345910210031769,0.5320268750451244
373,0.00015658953803922437,0.45963878990920376
374,-0.00022472649562294036,0.6484108157192419
375,3.282441163838659e-05,0.6080940188409739
376,0.0001576873028710235,0.49192567017601324
377,0.0006991171958561921,0.48462503328983497
378,0.00017839410656244077,0.5059631893758617
379,0.00015554632933504543,0.48625004918235576
380,0.0002761004884623521,0.4836779322233342
381,-0.0006602878015601355,0.46626975334506743
382,-0.000295385968968282,0.4878016472588897
383,0.0003515980414151831,0.5798443523947295
384,-0.0004908921169768146,0.3817919912915234
385,0.00045084718264609165,0.4653639559004198
386,0.0012623507450924252,0.5738562897386575
387,-4.260023400667109e-05,0.48411292823633767
388,-0.0006332239939934571,0.4857043008251103
389,0.00023350607555387026,0.5464797369392271
390,0.0008264341535935593,0.5423596044003901
391,0.00026030017269815004,0.6025309043361717
392,0.00032636468593715624,0.5104936377463587
393,0.00024995254947296047,0.5486584494520659
394,-0.0002991016975082621,0.43392081458556825
395,0.0004732274495946483,0.5233884852195024
396,-0.00019095139371234207,0.4975232665262438
397,0.00010817327979695376,0.4715457482167225
398,0.0005598834577388031,0.5637842915562062
399,-0.0005424083699550861,0.46732943228015084
400,-0.0003790091540259089,0.5166023582132365
401,-0.001042955106675404,0.5238152765884841
402,-0.0007300583945814935,0.4445784668213371
403,0.00012512969903063898,0.5684514792076049
404,-0.0003602800791434318,0.46622110896639657
405,8.806402949763714e-05,0.42259759084969145
406,0.0003609625200017908,0.5458111556839146
407,0.00037014519769274157,0.5855008225598015
408,0.000992277534569004,0.6334378059795512
409,0.00028239255319748843,0.612583799375506
410,1.3804924713690865e-05,0.48076029725800845
411,2.9165747108305325e-05,0.4381606294629636
412,0.001162448666480335,0.5867794095037601
413,0.00043299505007263824,0.5756389015921001
414,-0.00010597518741330814,0.42036404422758616
415,-0.00043809517473940946,0.5049412232904847
416,0.00027174794451919525,0.5446291911520388
417,0.0006612967534614609,0.5414643161615562
418,0.0005505111214721418,0.5277786532292613
419,5.973012061007248e-05,0.47358007993980145
420,0.0003929034978199425,0.443067068835368
421,-0.00016745745301248512,0.43018445230226243
422,-0.0008054991473845823,0.5446795426073288
423,0.0005320051375054301,0.4902404413406733
424,-0.0005325837960264237,0.5165912566788912
425,0.0020027438940882335,0.6083468156317332
426,0.00010619614066538488,0.5226491970344874
427,0.001059485120850077,0.5320151688988033
428,0.0014981315151054136,0.5651863681027033
429,0.000346330960975217,0.6198546944465696
430,0.0007312094264383107,0.4439438367847084
431,0.0003617048472594811,0.4817657001834583
432,0.0007465362222457237,0.4410730100550198
433,0.00020198548448853218,0.46868294482155926
434,-6.797619731082046e-05,0.5302861765833854
435,0.0004419044347007653,0.583267982840211
436,5.008472158607861e-05,0.5282973509588854
437,-0.0006121000845272475,0.4954970724107202
438,-0.00037278143725958784,0.4919886063703491
439,-0.0003020694895203798,0.5550392535646581
440,0.00017190010191522371,0.46274791897665346
441,-0.000338761089704048,0.5207256739095005
442,-0.0004605676561797506,0.451540319935674
443,0.0004536347928624538,0.43381203006010893
444,0.0005637457314175605,0.541515509072657
445,0.0008223124068899964,0.6241213348520409
446,0.00019105963118605203,0.6210911108263113
447,-8.561603259539519e-05,0.5692372430182722
448,0.000360628938992269,0.45427113666762553
449,-4.754805183068933e-05,0.4685107997821844
450,0.0009123686875577662,0.573497998216514
451,0.00040036770979156515,0.5368868231176751
452,-0.0001990760322514713,0.4244159244498424
453,0.00022157798683765468,0.5986461760145869
454,0.0008112258314006725,0.4766683990883242
455,0.0009342932236022101,0.5803927230358633
456,0.0005908420981495652,0.48963548591630873
457,-0.0005556733723260467,0.5195560584446419
458,-7.929436633400758e-05,0.45534625556659475
459,0.00011023385260029433,0.5175901750780557
460,0.000711481996170881,0.5691224785783164
461,-0.00034874911565607134,0.5442288488502517
462,-0.0004537199940068085,0.4362350303646582
463,0.00018465065236332651,0.4937275744796971
464,-0.00046987042308361756,0.5770675443831069
465,-0.0008386874343230583,0.4956052293453842
466,-0.0002480082653203514,0.43949002578573393
467,-0.0003626005489237805,0.46364123541211
468,-0.000481256860557175,0.5410550628465993
469,5.1548620507816694e-05,0.46501355704389413
470,0.0002965852325541907,0.4910305482327928
471,0.00017363895988353027,0.4697087420684531
472,-0.0004580434905307471,0.4581621673649889
473,-0.0008047724828626512,0.468861708866189
474,0.00020622542639306515,0.5317603613537186
475,-0.0006391712177218995,0.43963089517673504
476,-0.00045515713300978817,0.497301835648859
477,-0.0005111260379086361,0.4079642178396935
478,-0.0005248523160345745,0.445157312728928
479,-0.0005443727596294106,0.44660605522391617
480,-0.00020898333271139613,0.42072056499862776
481,0.0006424331733687598,0.4905219294177916
482,0.0003314459336978034,0.5220788742178467
483,3.6531432218335903e-06,0.49817593181221353
484,-0.00024285655857304189,0.541465961258892
485,-0.00012832685315389422,0.43074707364813203
486,-0.00045971048984439893,0.4523949657849856
487,-0.00036692875227900215,0.5113433531235693
488,-0.0002862171036624853,0.4602218350156917
489,-0.00014119726548509422,0.4300924726317266
490,2.768520733568729e-05,0.5834766385403058
491,-0.0003638714402794057,0.41056099794713297
492,4.490800262535997e-05,0.48226401126573615
493,-0.00013429966191311064,0.46960108753556773
494,0.0010542950501110635,0.5427534544461404
495,0.0001498046084718628,0.40474756271214085
496,-0.0007324082825379337,0.42397054312487303
497,7.737326934933265e-06,0.5340697636284768
498,-0.0003137610318062794,0.45460849161307054
499,-8.43257357439664e-05,0.45885342971002757
500,-0.000139063343827622,0.4241686217745385
501,-0.002266773027378487,0.5134706737381163
502,-0.0015469321674397827,0.691258100596337
503,0.0008800173988210334,0.5523165447076513
504,0.0035331684181988078,0.3957979945261776
505,-0.0009113606304799187,0.4274979278848106
506,0.0008434346478300573,0.3427166041897773
507,0.001198993367656501,0.5742228224187425
508,-0.0016980769707125793,0.4317440408617718
509,-0.001757758873656164,0.5300321269585322
510,-0.0004579007738707536,0.631641229605816
511,-0.0012892712770944887,0.6503653983800072
512,-0.0022035650550081003,0.6284952471436911
513,0.0037288894700684486,0.39493225971861473
514,0.0012775251887605578,0.615399381105504
515,-0.0012906721234339034,0.5095920604306841
516,0.0015190899209537585,0.6370779259302886
517,0.003092931084946844,0.5716641354653006
518,-0.001311966042871631,0.32679388297069917
519,-0.0013381364076435352,0.47389837700873455
520,0.00411807345551683,0.7040308846510246
521,0.0029759410893262653,0.46845866871526315
522,0.0001949527628513309,0.5992874781797366
523,-0.0007755399403906233,0.3555817176019963
524,-0.002335717690327378,0.3501208005976034
525,0.002391127887126159,0.6689423571667027
526,0.0008210554262091623,0.6962023783716356
527,-0.0007465600820016591,0.6875924201953089
528,0.0006682619664090186,0.3261103423037602
529,0.0016843168743956585,0.6215686352499457
530,-0.0015526540259419668,0.6611723579228762
531,-9.768955345534967e-05,0.5677028784852511
532,0.0006202129774882949,0.6104435825481503
533,0.0008135192535675194,0.4562441936241816
534,1.181165815660357e-05,0.6712704762003726
535,-0.0010389274156262177,0.483923540129661
536,-0.001374609955739178,0.5174337624984987
537,-0.003968577418836034,0.5119824689734764
538,0.0021519927820745624,0.4946015598481854
539,-0.0015103866324730768,0.4581374524538363
540,0.003450024254664818,0.46511524620111194
541,0.002144827727305092,0.2439558359474899
542,0.003446011297934682,0.36293437037984816
543,-0.002227053364770054,0.4408536355912968
544,-0.002376111436027238,0.42296528596490457
545,-0.002035808515772359,0.2814527618650596
546,0.0003028537989920089,0.6062637581708498
547,0.00022299836594835308,0.3880159748300689
548,0.00037817516996522746,0.5635767658117561
549,-0.0010824453097396268,0.43212498328418175
550,-0.0011817012360634497,0.44499883826759135
551,-0.0015643889440972053,0.5241299849036064
552,0.0015579038619048693,0.6284293947030125
553,0.0002880898329580317,0.44493412675736393
554,0.0005830581075503306,0.44370392744190923
555,0.0011088109735597033,0.7960601017501973
556,0.0031590862920999802,0.37892393412820086
557,4.935729056224883e-05,0.2760210638348467
558,0.0001980478001626158,0.6085706442359007
559,0.0005234920366577502,0.3523301572014414
560,-0.0023059047677087934,0.7099628327877449
561,6.49041507108768e-05,0.36957108480074613
562,0.0017138720979225034,0.684090986903281
563,-0.0005920041274185066,0.7681180904570062
564,-0.002203324960207503,0.5657849178234821
565,-0.0005204004268391461,0.6816384609604961
566,-0.0009363084946874613,0.7410902619904916
567,0.002801395946521658,0.5015812980839918
568,-0.0023992087211387667,0.37299041750508116
569,-0.0022742667017079366,0.3531667052695299
570,0.00023463204989138228,0.41209130063263383
571,0.0019098610213116854,0.4399952433144349
572,0.0005768824796653394,0.6067600661824241
573,-0.0007846457387901957,0.5257435067363733
574,0.0005772836137931882,0.3849354191521936
575,-0.0021226611473633256,0.44560683564880926
576,0.00254402605770944,0.7475947762712994
577,-0.0057871250136878605,0.4367741683680179
578,0.0005167043128106149,0.39876366548446
579,-0.0005243761390348455,0.7012759708221363
580,0.001250777000675334,0.6552397846990092
581,-0.0021133879361031095,0.4965988025220947
582,0.0003656381434145742,0.663180301612683
583,-0.0025038781614410937,0.4935679029248692
584,-0.0028653031586448213,0.595354425317076
585,0.006422209388162419,0.3661393186709364
586,-0.0024092790274201155,0.48297442089846154
587,0.00048416502518965976,0.3274276880956921
588,-0.003376658247744703,0.44840481733783194
589,0.001672681097744234,0.6681394566576471
590,-0.000371561283791284,0.37783497566254415
591,-0.0014715498413837335,0.5125280337949261
592,-0.0003652179643374709,0.5890631579472798
593,6.408498395164787e-05,0.36070376214980676
594,-0.0017611346966357898,0.49008416397153776
595,-0.0009688252552825501,0.4490114086116201
596,0.003666331820619229,0.7869761467352918
597,0.0003811740508693664,0.7224406876554273
598,0.0015380440053859204,0.5831250940666586
599,0.0002543835333951942,0.49428238107597633
600,-0.0012523951959983873,0.5344098350177701
601,0.0016850328953787199,0.4107891778923694
602,-0.0010704236014151814,0.5232125224194575
603,-0.0015146088617802446,0.31502577682522276
604,0.0013349958267800024,0.3005390091057343
605,-0.000876464188834518,0.5237953476375812
606,-0.0023944354341780523,0.5365611283435706
607,9.021872840152641e-05,0.3974168654891021
608,-0.0010868131675829862,0.4662217527145002
609,0.0031467144079444977,0.4646330467510093
610,-0.002128547526206174,0.47820799325893076
611,-0.0028311194831933256,0.380482874694984
612,-9.316184152078017e-05,0.6133449542265506
613,-0.0014516225156965363,0.6934084527022144
614,-0.0005785388805390917,0.6686515168356125
615,-0.0015146821545857006,0.38706438591574155
616,-0.001915113024862513,0.7078810367677317
617,-0.003953133245462028,0.20733466432444514
618,-0.002108664039659927,0.6851255806496571
619,-0.00032563511695225214,0.6191946544151464
620,0.0005551560266285761,0.4465586245464744
621,-0.0013510949833833922,0.2558575585076341
622,-0.001946994681365004,0.6857370295312137
623,0.0022552795331397583,0.6922876230743976
624,0.002136479439988346,0.4257174768192868
625,-0.0028956753031696043,0.5437539971609655
626,0.0007009818514567489,0.2605568091001138
627,-0.001169432361926326,0.4319560927649085
628,-0.00047170743160476996,0.4627965936883272
629,-0.00022250442091131765,0.3516970341020329
630,-0.0032234731697846192,0.525868221060937
631,0.0010478056916233755,0.2793796068643371
632,-0.00031424912783019235,0.36945165540118585
633,-0.00044517799715902587,0.5219778991929283
634,-0.000977184087748511,0.5866642435491228
635,-0.002462195339477325,0.2745384404179335
636,0.0015402979110553494,0.38837396837764787
637,-0.0015630346073501357,0.5662517507874004
638,-0.0005871647158478873,0.7166448596238115
639,-0.001750026367584239,0.5091824180271173
640,-0.0031613795841710065,0.29404695652013013
641,0.0004404123924673563,0.5164157161843369
642,0.0011995029960943217,0.5123762081621555
643,0.0030266875578763165,0.5774517416585762
644,0.0015197108241033624,0.4214835909468889
645,0.0004866563408592599,0.6837611848820092
646,0.0027728396164007096,0.7711103372654786
647,-0.0019823738375487317,0.24359245736338273
648,-0.0014815333069393875,0.5028929378833009
649,0.0007424144409579124,0.2870571237056401
650,-0.0010187030115859947,0.6031872785551677
651,-2.4844761024716763e-05,0.5055847801202272
652,0.00027343071169193516,0.5561539029617348
653,-0.0008804072336054213,0.4896652700323859
654,-0.0017892133463320384,0.5515182646721519
655,0.00047515691868218286,0.5049856694567818
656,-4.852952933682205e-05,0.6303510264129817
657,0.0008974673210952471,0.5850552443892092
658,0.0020371852344621957,0.3716290181588394
659,-0.0005869547853309463,0.5057816524075199
660,0.00015504540674221752,0.3315394220178895
661,0.002076860049419292,0.5208328698748044
662,0.00010057372890104285,0.4166625914275919
663,-0.0004526618467643969,0.7124296800707207
664,-0.0014482967857999333,0.41443099067725053
665,0.0012722885425203632,0.3943713559849507
666,-0.0004265467387358305,0.5239165796322213
667,4.107742573773054e-06,0.5306812725947941
668,-0.0010132767804893162,0.36939782415282224
669,0.0025867655356648137,0.4361558080017019
670,-0.0017053981302147347,0.6138711436685498
671,0.0016498091788905308,0.5554297379599186
672,0.0018936643572577683,0.5951336258809148
673,0.0020368421563570225,0.6549168315377366
674,-0.004727123003223503,0.5650832718425345
675,0.0023819494839230626,0.6910032814487026
676,0.0022337119114349876,0.42430518739249795
677,-0.0005462764385992436,0.5511010426106413
678,0.002036058544958772,0.5476588546141002
679,-0.001551719721027977,0.4877623548212423
680,-6.565045755979192e-05,0.3845477590108143
681,0.004016812966344994,0.41865884145896254
682,0.003514600481501264,0.5432905342072617
683,0.00013516998593620142,0.5798401552630841
684,0.0009817348657095507,0.3688627098180901
685,-0.0017646301492095214,0.5515612818875584
686,0.001312450973704311,0.5087862342391313
687,-0.002317721955829165,0.37644372942257165
688,0.0006574817100055403,0.5910413265878572
689,-0.00012504549668590124,0.4407115602913267
690,0.0019282195410429861,0.6828313775675705
691,0.0008523498063065028,0.4625090365232509
692,0.0016662068545862576,0.6325241661230239
693,-0.001050234955364152,0.6375232835271348
694,-0.0003197608014927015,0.5827530202245234
695,-0.00028761138949934424,0.5000008719053113
696,0.002854206367212089,0.5672068021778247
697,0.0006524528607489887,0.3943258033934024
698,0.0043617203720114975,0.5909963178015928
699,-0.00349749962898142,0.4844169082751977
700,-0.001979970466689159,0.44715430645989257
701,0.0016357187792354275,0.35834834126301807
702,0.0018765050220611082,0.46690975672945895
703,0.0012263538019436505,0.4391333751462602
704,0.0012731322687174835,0.6331947808837346
705,0.0003923595375689491,0.6278983114646379
706,0.0020140710324397333,0.42755997815384145
707,0.003173779704835639,0.6786611703016382
708,0.0015419264162295236,0.4284067344555999
709,0.00013914127001736737,0.42178461361699654
710,-0.001941935895695347,0.5409207577944748
711,0.0036543597489540414,0.574208998078862
712,-0.0014045848935193097,0.5855812447621497
713,-0.0003344426833621955,0.5929597239232806
714,0.00031214222424262063,0.5063719172461397
715,0.0005698229179927092,0.731424859585032
716,-0.0021466456682296803,0.32228986537727333
717,0.0020953802388278455,0.45589564688849166
718,0.0014958107262183138,0.4885039128395287
719,0.0035264861507048727,0.5308388051958473
720,-0.00024202738982728478,0.5117134644813544
721,-0.0005539253415844639,0.617575518128295
722,0.0020974145728926813,0.585347812721465
723,-0.00254651076150072,0.5222511048666262
724,0.0012704068112701099,0.5460234563444466
725,-0.0037367224528511577,0.4747755938094978
726,0.002861867113409631,0.7000302504416895
727,-9.904483435520988e-05,0.48989736900102887
728,-0.000264920209437229,0.6633256252700336
729,0.001031485408225424,0.6551914074174758
730,-0.000260886806727935,0.4575503490813406
731,0.0011211052014335752,0.5514987031037005
732,-0.0002770799862422516,0.5103729741758709
733,-0.003153443848226152,0.33851723502054826
734,0.0015914798657506186,0.604644877448987
735,0.0008370058899868425,0.5897971554054716
736,-0.0006466122289721624,0.5695414338449186
737,0.001238317764188186,0.49377267415713594
738,0.0035309938600556184,0.769910526279199
739,0.003305818059276801,0.6718228297698433
740,-0.0013532885685847184,0.48935522770818285
741,-0.0010747210211312463,0.38894272348103004
742,-0.00035000886292789024,0.4677949310021259
743,0.0017009100311859483,0.7504824219990676
744,-0.0017669524509785926,0.27212934901349184
745,0.0003063813602269094,0.5788659880647763
746,-0.0008817019457262321,0.47259711538670635
747,-0.0020854794052672567,0.4743713102757919
748,0.0016879325543113451,0.3783984101518925
749,0.0007068769309611386,0.6911460461172101
750,0.0016071274600235185,0.4244412159643995
751,0.0007453587534190423,0.7078897650790845
752,-0.0006749774855472568,0.6056477440588525
753,-8.01242398552034e-05,0.6592567176677158
754,0.0012819670374152917,0.3862208838451772
755,-0.0017522709705976034,0.5510250814765608
756,0.00011922215199693922,0.62688048106858
757,0.0034400077186168944,0.5481643115697381
758,0.00011781693454776651,0.37426242652707786
759,0.0027434448061088713,0.3787671999200549
760,-0.0002461249111164658,0.5331187397812331
761,0.0019714888265488055,0.5269270413025403
762,0.0011221551888928917,0.5306895145621413
763,-0.002763263212233321,0.43949812837229385
764,-0.0007998095544254783,0.2828522369235596
765,0.0014917377243795734,0.5440518709139559
766,4.03710845974724e-05,0.5664075046145469
767,0.0007650834966758491,0.5751193789997522
768,-0.0016261997703003574,0.5013793748906926
769,-0.00029776848724469957,0.4495297750190337
770,-0.0019459521193008096,0.45085730246264283
771,-0.0008569666864781463,0.5475274139430397
772,0.0013984491920766202,0.5961011144761826
773,-0.0015807399969661857,0.488288611753477
774,0.0005626591980160308,0.6348150325747606
775,-0.0011486239933417007,0.5380761273368079
776,0.0021786448439631645,0.7563663454714761
777,0.003726249050406278,0.47642349311938426
778,0.0007055573086782469,0.4985718065281573
779,-0.0010799955212648015,0.5757826587644803
780,-0.0017467532393178379,0.5649420470336224
781,0.0012767921083501955,0.5970466108032512
782,0.001019000169993831,0.6006354547238563
783,0.0006192908533973662,0.5672534404619801
784,0.001819054496012891,0.5046115109851447
785,-0.003944313239824602,0.5896372438551222
786,0.0008999838687718053,0.38619638265186623
787,-0.0015466341651509843,0.4938789336814959
788,0.000920179585796149,0.45680298171828854
789,0.0010605354640169375,0.34227366648377533
790,-0.001583030278210538,0.5081478610924434
791,-0.00217891689920003,0.5986938536827406
792,-0.00039582918772595874,0.5077783645377891
793,-0.0002791457372384781,0.525238075043126
794,0.001114969984881977,0.5562711862624797
795,-0.0009116855518270313,0.4612264497027034
796,-0.0016830682665755973,0.5032654986625247
797,0.000566584252981341,0.49082780930304437
798,0.000472552447316957,0.6025428136289679
799,0.0003779098556877412,0.5611660663321899
800,0.0007924831521620723,0.47441591150569035
801,0.0016849410120023643,0.41170217768833217
802,0.001654664481002101,0.6425191043736972
803,0.0033571023478103914,0.29826086588530315
804,0.001591990552286772,0.5672799977954827
805,0.001576891554902813,0.535327876993561
806,-0.0008704818733723475,0.6174162087823096
807,0.001504124851523922,0.46404240989185724
808,-0.0001935885575904214,0.41416000644654716
809,0.0018566511053981368,0.2673107155437358
810,0.0005301175673806989,0.5872444571200269
811,-0.0015287200838496973,0.6256351259879284
812,0.001202428956112726,0.6960965756776444
813,-0.0032678176621442805,0.544345724698679
814,0.0009261442729076031,0.5856975959249873
815,0.00023385652443307333,0.5915586142211545
816,-0.0004079713171020828,0.41875085847960447
817,0.0013215251550293583,0.4102170874041384
818,0.0015501974999294107,0.7141936384569534
819,0.0001721517757757292,0.5280453051504396
820,0.0002703450540283869,0.5688300161995212
821,0.0020344213857883603,0.6755897621412073
822,0.0023239503430244795,0.49948865890365446
823,0.0025021045164163418,0.42707858843838414
824,-0.0034914589089514022,0.4282556156531234
825,0.0005155599887077486,0.4443463357402061
826,0.0014369228259933217,0.403485060708712
827,0.003795501928282142,0.5030109397027422
828,0.0005355165150051817,0.5661231575342236
829,0.0018029672880936994,0.6047739790693288
830,0.0009479608083425324,0.3515404721201754
831,0.0012689994058701316,0.6512878480681746
832,0.003250255645197469,0.7352677434172711
833,0.0006010630061884712,0.4574768490874242
834,0.0016859081732722102,0.4845863905308461
835,0.0003019014680564634,0.6323656401369427
836,0.0003612615837865478,0.4058518156510797
837,0.0035316509936741867,0.6141419832762639
838,-0.0025182548233476766,0.5335856437926599
839,-0.0010320191211135653,0.6031394752572943
840,0.0017620212799663187,0.3671355561296176
841,0.00012492523221634046,0.5050725618090415
842,0.0035230044301915635,0.5460225344890284
843,0.0017186277138374465,0.520180007214116
844,0.002227239827635945,0.4875512736283734
845,0.00034910193380594445,0.5984797302634318
846,-0.0014286595495650554,0.7262397640416447
847,-0.0018583866852093628,0.6572818281480173
848,-0.0006452594942814328,0.41248109307391273
849,0.002283414034527433,0.7550734399736915
850,-0.0002072639761033073,0.2863990629402077
851,-0.0006673788149520184,0.5307107014490583
852,0.0015590837594019226,0.5757849359144199
853,-0.0009523495095967156,0.5240017424741554
854,0.00223328739915795,0.5807150350272212
855,0.002499842628420697,0.5139172307176403
856,-0.0009693975382227867,0.6885066188526793
857,-0.0021821770310843083,0.5780048179872298
858,-0.0005948932356628447,0.35821465432275856
859,0.0045341658545888655,0.654529284977867
860,-0.0009852715504752774,0.37650638142565185
861,-0.0020593758178708357,0.3358623048241948
862,0.004955675952512843,0.5465560702726675
863,-6.5656489037315725e-06,0.6725150502875988
864,-0.0009870434318902442,0.7101877201969485
865,0.0038039724217658008,0.5101734239670545
866,-0.00202889997607874,0.7183616493059677
867,-0.001568035279236346,0.593599593195083
868,0.002558185110779365,0.4497450632830046
869,-0.001080552896209674,0.35601767924700417
870,-0.00013526140462317125,0.273288754168676
871,0.003071754799155331,0.36533031052374565
872,-0.0001588195642622549,0.5391980743998466
873,0.0008719175325606198,0.5459463735900884
874,-0.0017152009382987391,0.5402011892206198
875,0.00022621947021775595,0.46541769028761854
876,0.0031653278161987643,0.43803543732163397
877,-0.0003983146990967203,0.4481779120505614
878,-0.002278982128279,0.4052542973042539
879,-0.0016630493681555256,0.655392821803661
880,0.0012064989856497002,0.41948365665585974
881,0.000557383377723014,0.3001981239294681
882,0.002473727427510122,0.6288595104523413
883,0.0007284031874436826,0.47939883014602874
884,-0.0015506087992500472,0.5955949193920966
885,0.0008946588783368067,0.5533918804562109
886,-0.0011274000663109326,0.4768906701812598
887,0.001776667027237661,0.46542674301869236
888,0.0028900019798624808,0.5076541931161004
889,0.00046562632841355624,0.435432218492344
890,0.0020764813948642583,0.5875328783742446
891,0.00034882710380537934,0.4638011057009004
892,-0.0021950313852654975,0.3980729984752254
893,-0.0004318321662395597,0.3850908945009782
894,0.0029434089697169025,0.5312950069125686
895,0.00015035111600957734,0.5722263001296181
896,0.0017728436377169512,0.4688799125778442
897,-0.002232167741027078,0.5851159534317141
898,-0.0013789843226864019,0.4867146111859032
899,-0.00019311372792892394,0.47936434647577164
900,0.0014394315913476804,0.4770393688848199
901,-0.00015410590388744783,0.5256967142425816
902,0.0016306553881514753,0.6145124327442892
903,-0.0005492190866997202,0.6139168509392998
904,0.003218278772271978,0.5456472296397022
905,0.0012550636323282703,0.5152691174191723
906,0.0012049743991569843,0.6183851063316247
907,0.0009984981059680473,0.6019785004140378
908,-3.7017157496138284e-05,0.6139455052540463
909,0.002431531621647862,0.6456026902867179
910,0.0025312096882362306,0.46387197876497815
911,0.001897704649801785,0.5761602334588429
912,0.0023695368955600794,0.736233671025881
913,0.0018523367581151787,0.7618627353908436
914,0.0025084362629741747,0.5021016216926946
915,0.00019427428598320592,0.509920846780897
916,0.0030801399137471335,0.5687896228426024
917,0.0005234541711329183,0.6821743940152002
918,0.002771890934215443,0.6004170288231858
919,0.0003279552035591899,0.6611831433106418
920,0.0019440866554853464,0.5121611993158577
921,0.0017399926980602516,0.433765997811932
922,0.002427533588398025,0.6987592458723033
923,0.003651352194284605,0.5812867319939338
924,0.002833648415116128,0.5262792561362285
925,-0.0022496047108189463,0.6346755542898384
926,0.003205082326986078,0.6879733691757921
927,0.003965424198966136,0.7142248511632154
928,0.0024704720953293985,0.3759612200719127
929,0.0032722904382974432,0.5549472191782936
930,0.001752792223730964,0.5522974638636229
931,0.0008876722449273037,0.42795952962647354
932,-8.5978167155993e-05,0.5025716003170695
933,0.0011087227812999452,0.6730982863888751
934,0.0008200518113693504,0.4774209710679926
935,-0.0002932214045298804,0.38388542057703173
936,0.0016575181160005288,0.3955229055278876
937,0.001963669308735777,0.5917888226435392
938,0.002526943541351426,0.6209010131491034
939,0.0033152007751578345,0.697880905889419
940,0.0015451341252380659,0.724168073776096
941,-0.00032730939803102114,0.4850435625934297
942,0.0033554059503588035,0.6510062918603388
943,-0.0012698779759868833,0.3719686757499788
944,0.00370183521663045,0.3743708342698883
945,-0.001153358691202381,0.5693589000912831
946,0.0019430568655177413,0.6192375684651465
947,0.004369729554860001,0.3503793466911309
948,-0.00012277264782397865,0.4502194197685014
949,0.0009364641397024132,0.4572462551230438
950,-0.0003714776340920142,0.5214001524242541
951,-0.0007698114516200714,0.5005041321318341
952,-0.000573942098146906,0.3174020428515079
953,0.0028542251831255878,0.5262842451071493
954,-0.0016260878684385784,0.49437637744675644
955,0.0014269536671841802,0.31267811251931693
956,0.0013385633820617682,0.4244182547757211
957,0.0009358662891518532,0.5389168735564643
958,0.004072732306875319,0.55461498630646
959,-0.0010645337800584207,0.460739680191016
960,0.0010859379484112488,0.5729832116798803
961,0.002170931852231407,0.6964066623417485
962,0.0004305561406166206,0.6211225480508578
963,-0.000132475410132333,0.5181504994553242
964,-0.001117894897026905,0.6184681565502923
965,-9.937484197539912e-05,0.6379106490592155
966,0.0015512906570265576,0.5886823803560696
967,0.0022858782330715693,0.6450539376018841
968,0.00529319855155291,0.5453939168309032
969,0.0028073715303629588,0.5691236343536535
970,0.004427369033894097,0.42461901674983116
971,-0.00034710205594356983,0.56851339201238
972,0.0018702719413374136,0.6318065608836025
973,0.0018196665640451512,0.6493935330383231
974,0.0005795013666592919,0.4432282977347228
975,-0.0026886692996980067,0.32626270666394097
976,0.0019645381713675977,0.576597916572052
977,0.0009469691182822962,0.38533931740204697
978,0.0017639389575432739,0.4342220720733839
979,0.0033351065688504732,0.6892762592722148
980,0.00423512544878219,0.5572380879918682
981,0.0029913830355674403,0.3774718178112367
982,0.00218014950708873,0.52815815407542
983,0.001235589546357572,0.5577461063947198
984,0.000694683777412023,0.5014975134095875
985,0.0021321572869147836,0.42106282070029205
986,0.0020390146477345275,0.51624872219091
987,-0.0008786647141945038,0.6175348511289755
988,0.00030620437300159063,0.3172301030859981
989,0.002084956868469239,0.653208297112321
990,-0.0004754620983116125,0.5799447266896739
991,6.054731527577661e-05,0.3830817623918858
992,0.0014573571412926944,0.5199257442465434
993,-6.283082705300556e-05,0.5123142480484618
994,-0.00043611996002681044,0.5395404616126283
995,0.0008824952282929922,0.4327182133207622
996,-0.0007401517287012988,0.5903847537332737
997,0.0032513412681542658,0.6044065308331278
998,0.0026681405222002733,0.6463545954948177
999,-0.0007361285927366293,0.5283432231824224
1000,-0.0002092815267234244,0.5188446322847294
1001,-0.00012766523908355358,0.48210617217903573
1002,-0.00026757307189615337,0.4748369869731716
1003,0.0005042401288290733,0.5481029640855154
1004,0.0007520320005213119,0.5590312719728223
1005,0.0004970270907088468,0.5278698982985088
1006,-0.00029228109333878335,0.4992301390781457
1007,0.0006868008376803548,0.5309016673184571
1008,0.0006600292164250974,0.5292124108186322
1009,0.0006909014238361015,0.5405575883639082
1010,-7.165310467394472e-05,0.47230660977928934
1011,-0.00027433606764527645,0.5476926035421446
1012,0.00017194822606170262,0.5357231678195794
1013,-0.00041584640814894345,0.4971728649188405
1014,-0.00020195585573443993,0.4798602033152998
1015,-0.00042368617744238587,0.4775718657147868
1016,-0.00021409581347428286,0.5152352609977007
1017,-0.0005085598392328338,0.5018119216366058
1018,-0.00010189485104046959,0.5549118562127787
1019,0.0012348129993510779,0.47630504193104856
1020,0.0011956660919958892,0.47756723679081764
1021,0.0002447328838761839,0.5133086106642114
1022,0.0005884668245306957,0.49034418149081277
1023,0.00012967809473798432,0.478289922468702
1024,0.000344014721428979,0.5056605247739886
1025,0.0007230141250182955,0.5055788428966155
1026,0.00037928014630490327,0.5052493571341222
1027,0.0003374450057632803,0.5281342272561595
1028,0.0007216275424763061,0.5212167770994791
1029,-0.0002574968231498938,0.5072159823853277
1030,0.0003717833027576656,0.46683545687839056
1031,-1.9134078955668145e-05,0.4940775379225604
1032,-0.00012142460447625198,0.49182301710287013
1033,0.00040955408755060903,0.500575557723019
1034,0.0003971215508534097,0.4889027986019364
1035,5.653301014804944e-05,0.4858611744853634
1036,0.0002387462569173056,0.5595492086817596
1037,-0.00012173916383813153,0.510476204996393
1038,0.0009051817549526665,0.48144588519764253
1039,0.00042140044411402165,0.5762191813819184
1040,-0.0001611680423188991,0.5153662515281432
1041,0.00024611717666007683,0.48364612995833095
1042,0.0007748670965556613,0.46630319254327585
1043,0.0005782781245710961,0.49280931778795595
1044,-0.00011483533063054324,0.5854827986223957
1045,0.0004205410023332821,0.5224912623209113
1046,0.0005396623942554664,0.4899064343140616
1047,0.0005977535823827151,0.5324028449834318
1048,0.000906407044465836,0.44906631701211625
1049,9.673491612402968e-06,0.5091781113363195
1050,0.0008195946318086484,0.46772272101502976
1051,-0.00037587319484352715,0.5025343016392353
1052,0.00020141226729924336,0.49650310916910295
1053,0.00051092030872276,0.5160511797932286
1054,0.0005131055018085908,0.46296360622510935
1055,0.0005764263627445868,0.5216326279274335
1056,0.0004883796436285706,0.46161652208939546
1057,0.0008866776414871422,0.5591867550414303
1058,0.0006961215325936542,0.48280708277605855
1059,0.00011870007308024498,0.4937758660924472
1060,0.0006438356869715011,0.4968670563288698
1061,0.0007984870936852761,0.518371842185403
1062,-0.0005631181309079951,0.4812538275007378
1063,0.00038111478629037385,0.4993658231286745
1064,0.0008676207317958657,0.5043479095181714
1065,-0.0006911636373748276,0.4833042338688995
1066,-0.0003013884546816225,0.49140326259472894
1067,-0.0002914752145670279,0.48557847291206624
1068,2.395615019597977e-05,0.3962320220936238
1069,0.0002263827688182426,0.5138376490393661
1070,0.00035024951423322,0.5167601597849109
1071,-6.02802210137e-06,0.48291311077585186
1072,3.971508361486993e-05,0.47976602342504465
1073,-7.852187869183106e-07,0.47838697847074857
1074,-0.000341595325770149,0.44080301815629397
1075,0.0008330241382160587,0.470286561178253
1076,0.0007956076924597957,0.5663241513030288
1077,0.0003009346004371488,0.4802747025472928
1078,0.0001669634568785809,0.5529293222495969
1079,0.000136109154617521,0.5416025114427573
1080,-0.00024423435578168685,0.5139199061518124
1081,3.1759385635468917e-06,0.4571114096985677
1082,0.0005394928125484226,0.554859456445693
1083,-0.0006447167338732414,0.47108582783550995
1084,-0.00012402920249324673,0.5128886383424244
1085,-0.0001797901581689967,0.4895477922912701
1086,-0.000320071797706555,0.48308747410288977
1087,0.0002522683624864745,0.4742370739240254
1088,-0.0002945568036410001,0.4848970906689418
1089,0.00040013151868550126,0.4586425663621852
1090,-0.00014184772279609144,0.5043558883076392
1091,0.00020583526718414685,0.48771920497627913
1092,0.00011178535681545666,0.5047057858360231
1093,-0.0006736734260786812,0.5078177054027447
1094,-0.00042587774839567417,0.5361884463594991
1095,0.0003667580392644557,0.49001983051034276
1096,0.00045608684574219413,0.48572626942297925
1097,-0.00024341987854076662,0.5223804892811948
1098,-4.220787830568862e-05,0.49730064700123644
1099,0.00032539708139810945,0.5308621740559788
1100,-0.00039692016065616864,0.4751029325590699
1101,0.0001129462174677001,0.5210621735222626
1102,0.000968210638315847,0.4366238251734607
1103,0.0008115274156852434,0.5239756379686529
1104,-1.0045859394133767e-05,0.5293344790944787
1105,0.0006383094455673591,0.530918711667243
1106,-0.0002732557902106114,0.5293658407288567
1107,0.00031338832654769953,0.5116203256434857
1108,0.0005124289287065499,0.40658581145229655
1109,0.00022590783862997164,0.48415277136113394
1110,-0.0002545279536260821,0.5092256750714884
1111,-0.0004662242042641802,0.54505172699372
1112,-6.408978922347138e-06,0.5318902038917346
1113,0.001044964133470053,0.5093582982757098
1114,5.986794928436573e-05,0.487808957207028
1115,0.0005435726562212331,0.5788375621931191
1116,0.0005686689807397859,0.49132338836850076
1117,0.0007930025307332663,0.48604178277879423
1118,0.0009958436978064554,0.48556615939875586
1119,0.00022378520206205838,0.5227303507531944
1120,0.0001114597824213437,0.5083249229402357
1121,-0.0009124420663258265,0.48403318413488333
1122,0.00011986232458527807,0.5120525754099043
1123,-0.0003970168409582689,0.46366577307717605
1124,0.00047165141811612073,0.5051755253775713
1125,0.0006688845104842993,0.5149284977813858
1126,0.0010891569713030321,0.5694482678678947
1127,-0.000604175488903468,0.5220585113867954
1128,0.0002949504435490258,0.49441478445309517
1129,0.00017346896386466525,0.4518142448841954
1130,0.00023256740363977862,0.5022882538179562
1131,0.00016862458304463506,0.5143708721794035
1132,0.0004960911229864115,0.5144128040451276
1133,0.00016153856217804627,0.4227846203513371
1134,-0.0004664693478028823,0.47258699083576955
1135,-8.803503050286165e-05,0.4576891495423917
1136,-7.71668714771728e-05,0.4343360055926828
1137,0.000502187985866323,0.502870366273244
1138,0.000295770900302308,0.47044828819936235
1139,0.0003273611165114296,0.4689322591665806
1140,-0.0004127053759129665,0.5118704828726073
1141,-0.00043374343918659735,0.43614507290366367
1142,-0.00043101359241231614,0.4888218490725709
1143,0.0008175919410274633,0.4990715905618653
1144,0.0004755766112454927,0.502062012767932
1145,0.00024306423898929868,0.48805920320072754
1146,0.00030490896926265327,0.419886117939331
1147,-0.0004996094407197278,0.464586023711065
1148,0.00016146912423511435,0.49690539224376823
1149,-0.0006084281088417326,0.5148217034437179
1150,0.0005613913206101321,0.45222697022874714
1151,0.0009358165213255752,0.4882464929402306
1152,0.00010277222573006891,0.42953516377973716
1153,-0.000278024679709856,0.46648370608604117
1154,0.00028187481335735027,0.4600688941336311
1155,-0.0005415249377197778,0.4187684007712591
1156,0.00016529450845311711,0.4932652759434433
1157,0.00040087394125486983,0.4714700451633793
1158,-4.740707020516832e-05,0.4516719185181616
1159,-0.00033054563306807595,0.45211567075335357
1160,0.00016920761175124221,0.5221578806971507
1161,-0.00038171597053694305,0.49905798543938296
1162,-0.0008855510145692877,0.4633063410850791
1163,-0.0006077651518521767,0.4416147417384223
1164,0.00025747136617156887,0.4888296496057776
1165,-0.000543052049625095,0.4826559993796915
1166,5.1099375060405105e-06,0.49898876263330744
1167,0.0009796145252778078,0.47399819644216645
1168,-0.000394989898872141,0.5324050276576469
1169,0.000787831649927638,0.5744204171518403
1170,0.0003458549722904291,0.5174615632359378
1171,0.0006372616816754612,0.5069931202896951
1172,-0.00013856485048903956,0.5204664006219755
1173,-0.00030370130766298723,0.5066939408436835
1174,-0.0002143134928573424,0.5128785817361194
1175,-4.496422044964863e-05,0.4455732099287283
1176,0.0005956436544042617,0.4832296686717486
1177,-0.0014571517287622008,0.4953188737547512
1178,-0.0003511638079142517,0.46499490790260783
1179,0.0006056147674332876,0.4917575818656761
1180,6.607070685440751e-05,0.41084452934049986
1181,0.00014505235498687736,0.4551079336070961
1182,-0.0005566901777686104,0.5212702789754565
1183,0.00013295440518900568,0.4580920121842903
1184,3.0424801283351227e-06,0.5370725185156422
1185,-2.338152556847806e-05,0.5236700251054133
1186,-0.00035927530405062587,0.524572714160595
1187,-0.00038091233887749807,0.498452056902365
1188,-0.0010115224521653953,0.4635786398179684
1189,0.0006770750283220011,0.47307404198011416
1190,-0.0002403007046338846,0.48395322049661577
1191,0.0004112568492797516,0.5315006003706787
1192,0.0005182593040248234,0.528346945473617
1193,0.0007795056831037774,0.4849917232304365
1194,-0.0006394626224824858,0.47501711588370116
1195,-6.616085064501806e-05,0.42324321414145905
1196,0.00044960026368097184,0.4736735115941983
1197,-0.0002763638769889368,0.5338081511550378
1198,4.5712350864298544e-05,0.44196359470826957
1199,0.0006096634664461485,0.42560759587147046
1200,-0.000249721157371357,0.5459727177181035
1201,0.0008357080894013792,0.4705486278657088
1202,0.0002663920655065545,0.47993948530584046
1203,-3.501752529340485e-05,0.4829359420381288
1204,0.00047654703481999163,0.5343450549949638
1205,-0.00042382025751408763,0.5050109641327494
1206,0.00014488889829873238,0.5366279189656699
1207,-0.00024727184888770505,0.46960445389159744
1208,0.00024234212226298957,0.4932126751861506
1209,-0.0006819925573688232,0.4654523715109757
1210,0.0004545795496911042,0.4898323347101404
1211,-0.0004760324357301769,0.4767925233104214
1212,0.000509064372679843,0.5370466152817946
1213,1.4810751195773827e-05,0.45117870904997803
1214,0.00047241109966845074,0.47329964141456404
1215,0.0005006560158204316,0.480683751060238
1216,0.00011103701896266297,0.49146755978615453
1217,0.00027643821497529174,0.5374717800879654
1218,-8.047684232093818e-05,0.47186173918669355
1219,-0.0001163917910034231,0.4988184088390763
1220,0.00029560429488959396,0.5088422781259236
1221,0.00044733674727739166,0.5581085554215811
1222,-0.0001046950659367432,0.5172552925026366
1223,0.0006852377839038694,0.5065962530110416
1224,-0.00031302027401096226,0.44276286923629454
1225,-0.0004059244733569556,0.449488592805959
1226,0.0009579574064537906,0.4934043481768751
1227,0.00035887342186537966,0.5391270558635328
1228,9.05825967460857e-05,0.5604776544882258
1229,0.0002540985002450186,0.4617690540672018
1230,0.00025749984830376535,0.4495332613464519
1231,-0.0003467745667240725,0.4694174774424591
1232,-0.000207859637335541,0.5286482870420324
1233,-0.00038485958515767295,0.48069460978757406
1234,-0.00031731563845330756,0.4560631996061079
1235,0.0004431859278512081,0.49211747551880686
1236,0.0003784965162635888,0.5378914211855571
1237,0.00046823946831036674,0.48597777468013825
1238,-0.00024845663758787457,0.4929510787416056
1239,0.0009709698915664425,0.572214999840937
1240,0.0009337180997645779,0.5220677723425159
1241,-0.00035924294951087337,0.4694422306201919
1242,0.0004637250682276133,0.5053487674415427
1243,0.0006917564983386112,0.5103680094167811
1244,-0.0008610506424247109,0.488616200595232
1245,0.0003257690710780964,0.4871619162687097
1246,-0.0007848630764943165,0.5570451114647432
1247,0.00024837752639339777,0.5376105308874024
1248,0.0006084229777675532,0.4972557795288254
1249,0.00023071684877404544,0.5306727704774836
1250,-0.00037607127994623434,0.49330583115287485
1251,0.0005785061269973327,0.5126560370799613
1252,0.0008586653184919108,0.5436222279150364
1253,-0.0009305803771777065,0.5103683537813641
1254,-0.00026748153965433296,0.5553545852714155
1255,0.0005096438282836777,0.5052024180891244
1256,-0.0005997370374230087,0.5919065863500944
1257,0.0005419172287984631,0.4903818085434669
1258,-0.00039293417013395223,0.5240191333568446
1259,0.00036653706029310493,0.5351185084634854
1260,-0.00044150895985957156,0.5135138167993083
1261,-0.00021823730680310888,0.5275500156477113
1262,0.00034653473364771394,0.49911957468006657
1263,-0.00035190242377858755,0.5362392911532364
1264,1.2134521550672404e-05,0.4955471597636579
1265,0.0003064759542100509,0.5519009108880555
1266,2.6619882663584283e-05,0.5389933852180658
1267,0.0008268189809711964,0.49347215030027636
1268,-0.00033228111390904146,0.45110405415929783
1269,0.00014156902346832846,0.5154049269835548
1270,-0.00016665981723528063,0.47585064367897595
1271,0.0003647283495334721,0.5286943173540464
1272,0.0007678479718545079,0.533835337212875
1273,-0.0005048674871018601,0.5111314165260835
1274,-0.00040916290010656635,0.4996583778399155
1275,0.0001245585835786808,0.5212284531539046
1276,-0.0002601455655452476,0.48497850692860195
1277,-0.0006489036424347672,0.48673276685708755
1278,-0.0008818955311355927,0.5091050766594314
1279,-0.0001721891224324437,0.4635384664651006
1280,0.0005127128642284959,0.5476249826443217
1281,-0.0006121004778824387,0.44795739775770377
1282,-1.202751679633073e-05,0.5272855197305409
1283,-0.00013591407389645748,0.5193839768002977
1284,0.0003811831899587488,0.5593227883578169
1285,0.00132644102751713,0.5727382441960936
1286,0.0012011211615713556,0.5066135831123518
1287,-3.485042698660678e-05,0.4818860659096584
1288,0.00031257344618978777,0.5337648823110601
1289,0.0004480611176973261,0.5324574684233626
1290,0.0004617402366274557,0.4798825659834475
1291,0.000380995018120707,0.48411146089753376
1292,-6.790410590361669e-05,0.5083119724171189
1293,-0.00015095732179905085,0.467861052186503
1294,0.00033974379354536493,0.49380534848656066
1295,0.0011098879089225556,0.46457835723402047
1296,5.2430347957815106e-05,0.5690352525388718
1297,0.0007877069189045694,0.4068768751846391
1298,0.0009665943738287904,0.47454384509519193
1299,0.0003816649890689912,0.522762369074573
1300,0.00028101344780255886,0.49654380964929457
1301,4.417016272172591e-05,0.5066926826831809
1302,-0.0001061392845763609,0.5021063367667928
1303,0.0002737390618769498,0.5214169405068314
1304,0.0008566852763422516,0.5004911223725106
1305,0.0003959088045513685,0.4853757651464352
1306,8.065442762862396e-05,0.4920867829270884
1307,-0.00029067532108431013,0.4963426200174458
1308,0.0003606928600129125,0.5071170019967225
1309,0.0004754801608157492,0.5001719979593403
1310,0.0004814314517704472,0.46872021236930744
1311,-0.00033410627070293574,0.5255172524553401
1312,6.946077186835767e-05,0.4781114266260688
1313,-0.00033124952538980776,0.5130009260629532
1314,7.948673532703646e-05,0.5258119914740218
1315,0.0003104388788010794,0.48220882856951286
1316,7.786302905277726e-05,0.5192938939398485
1317,1.7827400974378718e-05,0.5356566204604084
1318,1.846224762971327e-05,0.5000937813840671
1319,0.00011420435017078659,0.5222202463605038
1320,0.0005897860779626684,0.501293828482416
1321,0.00040947389137538674,0.48435642040926075
1322,0.0003817794160035615,0.4828813368300457
1323,9.679325419346393e-05,0.5149777092943766
1324,-0.0004488073397951182,0.5213095868282189
1325,0.00044297941570789283,0.5303018863436662
1326,0.000745886130747278,0.5474719276293115
1327,-6.180328925414007e-05,0.45882791917207494
1328,-3.820600251989084e-05,0.49473963848660063
1329,0.000195437622496449,0.515410285493325
1330,0.0007882024200057635,0.46206077343127394
1331,-0.0005494610968852214,0.45391408855716364
1332,0.0009769621432528693,0.5448511075509196
1333,0.0006755884927998096,0.5135012062624613
1334,0.0005483541943422303,0.44605624391426096
1335,-0.00019149947983873545,0.4816455639458258
1336,0.00042838602814881553,0.5209880163388083
1337,0.0005875046906539263,0.5287848933671586
1338,0.0007166459603657713,0.519583157918791
1339,0.00022844018767960152,0.5347933150717264
1340,-0.00020519185816084986,0.4906973856193811
1341,0.00025978052300076524,0.5321950027283042
1342,0.0008763581228542888,0.44626422625899154
1343,0.00019325090710202344,0.5503275784211445
1344,5.5966241797497944e-05,0.43390788231667776
1345,0.0006654207481431065,0.4814683043775032
1346,0.000969271432552769,0.5183737749029678
1347,0.00033256495359977226,0.530753853574195
1348,0.0006938271326647767,0.5182337656835135
1349,0.0009606411942927806,0.5047038738114316
1350,-0.00019591994069918393,0.4514513639528973
1351,0.0004637831649962188,0.5156275974112305
1352,0.0004917332274145594,0.5349778850285475
